<!-- Copyright (C) 2011-2015  Pcap4J.org -->

<assembly xmlns="http://maven.apache.org/plugins/maven-assembly-plugin/assembly/1.1.2"
    xmlns:xsi="http://www.w3.org/2001/XMLSchema-instance"
    xsi:schemaLocation="http://maven.apache.org/plugins/maven-assembly-plugin/assembly/1.1.2 http://maven.apache.org/xsd/assembly-1.1.2.xsd">
  <id>src</id>

  <formats>
    <format>zip</format>
  </formats>

  <includeBaseDirectory>false</includeBaseDirectory>

  <dependencySets>
    <dependencySet>
      <useProjectArtifact>false</useProjectArtifact>
      <outputDirectory>/</outputDirectory>
      <unpack>false</unpack>
      <useTransitiveDependencies>false</useTransitiveDependencies>
    </dependencySet>
  </dependencySets>

  <fileSets>
    <fileSet>
      <directory>${project.parent.basedir}</directory>
      <outputDirectory>/</outputDirectory>
      <includes>
        <include>README*</include>
        <include>LICENSE</include>
        <include>CHANGES.md</include>
      </includes>
    </fileSet>
    <fileSet>
      <directory>${project.parent.build.directory}</directory>
      <outputDirectory>/</outputDirectory>
      <includes>
        <include>*-javadoc.jar</include>
      </includes>
    </fileSet>
    <fileSet>
      <directory>${project.parent.basedir}</directory>
      <outputDirectory>/</outputDirectory>
      <includes>
        <include>pcap4j-*/src/**</include>
        <include>pom.xml</include>
        <include>pcap4j-*/pom.xml</include>
      </includes>
      <excludes>
        <exclude>pcap4j-test-coverage/src/**</exclude>
      </excludes>
    </fileSet>
  </fileSets>
</assembly>
